"OTU";"Kingdom";"Phylum";"Class";"Order";"Family";"Genus";"Species"
"Sample_1_filtered_trimmed_combined141size=2";"Eukaryota";"Chordata";"Actinopteri";"Lutjaniformes";"Lutjanidae";"Lutjanus";"Lutjanus stellatus"
"Sample_1_filtered_trimmed_combined154size=2";"Eukaryota";"Chordata";"Actinopteri";"Lutjaniformes";"Lutjanidae";"Lutjanus";"Lutjanus stellatus"
"Sample_1_filtered_trimmed_combined169size=1";"Eukaryota";"Chordata";"Actinopteri";"Clupeiformes";"Clupeidae";"Spratelloides";"Spratelloides delicatulus"
"Sample_1_filtered_trimmed_combined1size=1";"Eukaryota";"Chordata";"Actinopteri";"Lutjaniformes";"Lutjanidae";"Lutjanus";"Lutjanus stellatus"
"Sample_1_filtered_trimmed_combined229size=1";"Eukaryota";"Chordata";"Actinopteri";"NA";"Pomacentridae";"Abudefduf";"NA"
"Sample_1_filtered_trimmed_combined232size=1";"Eukaryota";"Chordata";"Actinopteri";"Chaetodontiformes";"Chaetodontidae";"Chaetodon";"Chaetodon octofasciatus"
"Sample_1_filtered_trimmed_combined242size=4";"Eukaryota";"Chordata";"Actinopteri";"Clupeiformes";"Clupeidae";"Spratelloides";"Spratelloides gracilis"
"Sample_1_filtered_trimmed_combined243size=1";"Eukaryota";"Chordata";"Actinopteri";"Scombriformes";"Scombridae";"Euthynnus";"Euthynnus affinis"
"Sample_1_filtered_trimmed_combined251size=5";"Eukaryota";"Chordata";"Actinopteri";"Labriformes";"Labridae";"Hemigymnus";"Hemigymnus melapterus"
"Sample_1_filtered_trimmed_combined263size=1";"Eukaryota";"Chordata";"Actinopteri";"Chaetodontiformes";"Chaetodontidae";"Chaetodon";"Chaetodon octofasciatus"
"Sample_1_filtered_trimmed_combined264size=1";"Eukaryota";"Chordata";"Actinopteri";"Clupeiformes";"Clupeidae";"Spratelloides";"Spratelloides gracilis"
"Sample_1_filtered_trimmed_combined270size=1";"Eukaryota";"Chordata";"Actinopteri";"NA";"Pomacentridae";"Amblyglyphidodon";"Amblyglyphidodon leucogaster"
"Sample_1_filtered_trimmed_combined282size=2";"Eukaryota";"Chordata";"Actinopteri";"Scombriformes";"Scombridae";"Euthynnus";"Euthynnus affinis"
"Sample_1_filtered_trimmed_combined290size=1";"Eukaryota";"Chordata";"Actinopteri";"NA";"Pomacentridae";"Pomacentrus";"Pomacentrus nigromanus"
"Sample_1_filtered_trimmed_combined292size=1";"Eukaryota";"Chordata";"Actinopteri";"Scombriformes";"Scombridae";"Euthynnus";"Euthynnus affinis"
"Sample_1_filtered_trimmed_combined296size=1";"Eukaryota";"Chordata";"Actinopteri";"Clupeiformes";"Clupeidae";"Spratelloides";"Spratelloides delicatulus"
"Sample_1_filtered_trimmed_combined297size=1";"Eukaryota";"Chordata";"Actinopteri";"Scombriformes";"Scombridae";"Euthynnus";"Euthynnus affinis"
"Sample_1_filtered_trimmed_combined300size=50";"Eukaryota";"Chordata";"Actinopteri";"Clupeiformes";"Clupeidae";"Spratelloides";"Spratelloides delicatulus"
"Sample_1_filtered_trimmed_combined304size=1";"Eukaryota";"Chordata";"Actinopteri";"NA";"Pomacentridae";"Pomacentrus";"Pomacentrus nigromanus"
"Sample_1_filtered_trimmed_combined310size=1";"Eukaryota";"Chordata";"Actinopteri";"Priacanthiformes";"Priacanthidae";"Priacanthus";"Priacanthus tayenus"
"Sample_1_filtered_trimmed_combined311size=1";"Eukaryota";"Chordata";"Actinopteri";"Lutjaniformes";"Lutjanidae";"Lutjanus";"Lutjanus fulviflamma"
"Sample_1_filtered_trimmed_combined312size=1";"Eukaryota";"Chordata";"Actinopteri";"Clupeiformes";"Clupeidae";"Spratelloides";"Spratelloides gracilis"
"Sample_1_filtered_trimmed_combined313size=1";"Eukaryota";"Chordata";"Actinopteri";"Clupeiformes";"Clupeidae";"Spratelloides";"Spratelloides delicatulus"
"Sample_1_filtered_trimmed_combined322size=8";"Eukaryota";"Chordata";"Actinopteri";"Lutjaniformes";"Lutjanidae";"Pterocaesio";"Pterocaesio digramma"
"Sample_1_filtered_trimmed_combined327size=2";"Eukaryota";"Chordata";"Actinopteri";"NA";"Pomacentridae";"Pomacentrus";"Pomacentrus stigma"
"Sample_1_filtered_trimmed_combined328size=1";"Eukaryota";"Chordata";"Actinopteri";"Clupeiformes";"Clupeidae";"Spratelloides";"Spratelloides gracilis"
"Sample_1_filtered_trimmed_combined329size=1";"Eukaryota";"Chordata";"Actinopteri";"Clupeiformes";"Clupeidae";"Spratelloides";"Spratelloides gracilis"
"Sample_1_filtered_trimmed_combined330size=1";"Eukaryota";"Chordata";"Actinopteri";"Clupeiformes";"Engraulidae";"Encrasicholina";"Encrasicholina punctifer"
"Sample_1_filtered_trimmed_combined334size=1";"Eukaryota";"Chordata";"Actinopteri";"Clupeiformes";"Clupeidae";"Spratelloides";"Spratelloides gracilis"
"Sample_1_filtered_trimmed_combined337size=8";"Eukaryota";"Chordata";"Actinopteri";"NA";"Pomacentridae";"Pomacentrus";"Pomacentrus nigromanus"
"Sample_1_filtered_trimmed_combined338size=2";"Eukaryota";"Chordata";"Actinopteri";"Lutjaniformes";"Lutjanidae";"Pterocaesio";"Pterocaesio digramma"
"Sample_1_filtered_trimmed_combined342size=1";"Eukaryota";"Chordata";"Actinopteri";"NA";"Pomacentridae";"Pomacentrus";"Pomacentrus nigromanus"
"Sample_1_filtered_trimmed_combined351size=1";"Eukaryota";"Chordata";"Actinopteri";"Lutjaniformes";"Lutjanidae";"Lutjanus";"Lutjanus decussatus"
"Sample_1_filtered_trimmed_combined357size=1";"Eukaryota";"Chordata";"Actinopteri";"Clupeiformes";"Clupeidae";"Spratelloides";"Spratelloides gracilis"
"Sample_1_filtered_trimmed_combined358size=6";"Eukaryota";"Chordata";"Actinopteri";"Clupeiformes";"Clupeidae";"Spratelloides";"Spratelloides gracilis"
"Sample_1_filtered_trimmed_combined359size=3";"Eukaryota";"Chordata";"Actinopteri";"Clupeiformes";"Clupeidae";"Spratelloides";"Spratelloides gracilis"
"Sample_1_filtered_trimmed_combined360size=12";"Eukaryota";"Chordata";"Actinopteri";"Scombriformes";"Scombridae";"Euthynnus";"Euthynnus affinis"
"Sample_1_filtered_trimmed_combined365size=1";"Eukaryota";"Chordata";"Actinopteri";"Scombriformes";"Scombridae";"Euthynnus";"Euthynnus affinis"
"Sample_1_filtered_trimmed_combined369size=1";"Eukaryota";"Chordata";"Actinopteri";"NA";"Pomacentridae";"Abudefduf";"NA"
"Sample_1_filtered_trimmed_combined372size=1";"Eukaryota";"Chordata";"Actinopteri";"Clupeiformes";"Clupeidae";"Spratelloides";"Spratelloides gracilis"
"Sample_1_filtered_trimmed_combined378size=1";"Eukaryota";"Chordata";"Actinopteri";"Scombriformes";"Scombridae";"Euthynnus";"NA"
"Sample_1_filtered_trimmed_combined379size=1";"Eukaryota";"Chordata";"Actinopteri";"NA";"Pomacentridae";"Amblyglyphidodon";"Amblyglyphidodon leucogaster"
"Sample_1_filtered_trimmed_combined385size=1";"Eukaryota";"Chordata";"Actinopteri";"Clupeiformes";"Clupeidae";"Spratelloides";"Spratelloides gracilis"
"Sample_1_filtered_trimmed_combined387size=2";"Eukaryota";"Chordata";"Actinopteri";"Scombriformes";"Scombridae";"Thunnus";"Thunnus maccoyii"
"Sample_1_filtered_trimmed_combined391size=1";"Eukaryota";"Chordata";"Actinopteri";"Clupeiformes";"Clupeidae";"Spratelloides";"Spratelloides delicatulus"
"Sample_1_filtered_trimmed_combined392size=3";"Eukaryota";"Chordata";"Actinopteri";"Scombriformes";"Scombridae";"Euthynnus";"Euthynnus affinis"
"Sample_1_filtered_trimmed_combined394size=2";"Eukaryota";"Chordata";"Actinopteri";"Scombriformes";"Scombridae";"Euthynnus";"Euthynnus affinis"
"Sample_1_filtered_trimmed_combined396size=1";"Eukaryota";"Chordata";"Actinopteri";"Chaetodontiformes";"Chaetodontidae";"Chaetodon";"Chaetodon octofasciatus"
"Sample_1_filtered_trimmed_combined414size=1";"Eukaryota";"Chordata";"Actinopteri";"Clupeiformes";"Clupeidae";"Spratelloides";"Spratelloides delicatulus"
"Sample_1_filtered_trimmed_combined417size=2";"Eukaryota";"Chordata";"Actinopteri";"Scombriformes";"Scombridae";"Euthynnus";"Euthynnus affinis"
"Sample_1_filtered_trimmed_combined426size=1";"Eukaryota";"Chordata";"Actinopteri";"Clupeiformes";"Clupeidae";"Spratelloides";"Spratelloides gracilis"
"Sample_1_filtered_trimmed_combined42size=1";"Eukaryota";"Chordata";"Actinopteri";"NA";"Pomacentridae";"Chromis";"Chromis alpha"
"Sample_1_filtered_trimmed_combined433size=1";"Eukaryota";"Chordata";"Actinopteri";"NA";"Pomacentridae";"Pomacentrus";"Pomacentrus nigromanus"
"Sample_1_filtered_trimmed_combined434size=1";"Eukaryota";"Chordata";"Actinopteri";"Clupeiformes";"Clupeidae";"Spratelloides";"Spratelloides gracilis"
"Sample_1_filtered_trimmed_combined454size=1";"Eukaryota";"Chordata";"Actinopteri";"Clupeiformes";"Engraulidae";"Encrasicholina";"Encrasicholina punctifer"
"Sample_1_filtered_trimmed_combined456size=1";"Eukaryota";"Chordata";"Actinopteri";"NA";"Pomacentridae";"Pomacentrus";"Pomacentrus nigromanus"
"Sample_1_filtered_trimmed_combined462size=2";"Eukaryota";"Chordata";"Actinopteri";"NA";"Pomacentridae";"Pomacentrus";"Pomacentrus nigromanus"
"Sample_1_filtered_trimmed_combined479size=1";"Eukaryota";"Chordata";"Actinopteri";"NA";"Pomacentridae";"Abudefduf";"NA"
"Sample_1_filtered_trimmed_combined481size=1";"Eukaryota";"Chordata";"Actinopteri";"Clupeiformes";"Clupeidae";"Spratelloides";"Spratelloides gracilis"
"Sample_1_filtered_trimmed_combined485size=1";"Eukaryota";"Chordata";"Actinopteri";"Clupeiformes";"Clupeidae";"Spratelloides";"Spratelloides gracilis"
"Sample_1_filtered_trimmed_combined493size=2";"Eukaryota";"Chordata";"Actinopteri";"Scombriformes";"Scombridae";"Euthynnus";"Euthynnus affinis"
"Sample_1_filtered_trimmed_combined497size=1";"Eukaryota";"Chordata";"Actinopteri";"NA";"Pomacentridae";"Pomacentrus";"Pomacentrus stigma"
"Sample_1_filtered_trimmed_combined501size=1";"Eukaryota";"Chordata";"Actinopteri";"Clupeiformes";"Clupeidae";"Spratelloides";"Spratelloides gracilis"
"Sample_1_filtered_trimmed_combined502size=1";"Eukaryota";"Chordata";"Actinopteri";"NA";"Pomacentridae";"Amblyglyphidodon";"Amblyglyphidodon leucogaster"
"Sample_1_filtered_trimmed_combined505size=1";"Eukaryota";"Chordata";"Actinopteri";"NA";"Pomacentridae";"Abudefduf";"NA"
"Sample_1_filtered_trimmed_combined512size=4";"Eukaryota";"Chordata";"Actinopteri";"Chaetodontiformes";"Chaetodontidae";"Chaetodon";"Chaetodon octofasciatus"
"Sample_1_filtered_trimmed_combined514size=4";"Eukaryota";"Chordata";"Actinopteri";"Lutjaniformes";"Lutjanidae";"Lutjanus";"Lutjanus decussatus"
"Sample_1_filtered_trimmed_combined521size=1";"Eukaryota";"Chordata";"Actinopteri";"Clupeiformes";"Clupeidae";"Spratelloides";"Spratelloides gracilis"
"Sample_1_filtered_trimmed_combined523size=1";"Eukaryota";"Chordata";"Actinopteri";"Lutjaniformes";"Lutjanidae";"Lutjanus";"Lutjanus fulviflamma"
"Sample_1_filtered_trimmed_combined531size=1";"Eukaryota";"Chordata";"Actinopteri";"Scombriformes";"Scombridae";"Euthynnus";"Euthynnus affinis"
"Sample_1_filtered_trimmed_combined532size=1";"Eukaryota";"Chordata";"Actinopteri";"NA";"Pomacentridae";"Abudefduf";"NA"
"Sample_1_filtered_trimmed_combined534size=1";"Eukaryota";"Chordata";"Actinopteri";"Scombriformes";"Scombridae";"Euthynnus";"Euthynnus affinis"
"Sample_1_filtered_trimmed_combined535size=1";"Eukaryota";"Chordata";"Actinopteri";"Priacanthiformes";"Priacanthidae";"Priacanthus";"Priacanthus tayenus"
"Sample_1_filtered_trimmed_combined538size=1";"Eukaryota";"Chordata";"Actinopteri";"NA";"Pomacentridae";"Abudefduf";"NA"
"Sample_1_filtered_trimmed_combined541size=1";"Eukaryota";"Chordata";"Actinopteri";"NA";"Pomacentridae";"Abudefduf";"NA"
"Sample_1_filtered_trimmed_combined554size=1";"Eukaryota";"Chordata";"Actinopteri";"NA";"Pomacentridae";"Stegastes";"Stegastes lividus"
"Sample_1_filtered_trimmed_combined557size=1";"Eukaryota";"Chordata";"Actinopteri";"Clupeiformes";"Clupeidae";"Spratelloides";"Spratelloides gracilis"
"Sample_1_filtered_trimmed_combined561size=1";"Eukaryota";"Chordata";"Actinopteri";"NA";"Pomacentridae";"Abudefduf";"NA"
"Sample_1_filtered_trimmed_combined567size=1";"Eukaryota";"Chordata";"Actinopteri";"Scombriformes";"Scombridae";"Euthynnus";"Euthynnus affinis"
"Sample_1_filtered_trimmed_combined93size=1";"Eukaryota";"Chordata";"Actinopteri";"Clupeiformes";"Clupeidae";"Spratelloides";"Spratelloides delicatulus"
"Sample_2_filtered_trimmed_combined220size=1";"Eukaryota";"Chordata";"Actinopteri";"NA";"Pomacentridae";"Amblyglyphidodon";"Amblyglyphidodon ternatensis"
"Sample_2_filtered_trimmed_combined232size=1";"Eukaryota";"Chordata";"Actinopteri";"Clupeiformes";"Clupeidae";"Spratelloides";"Spratelloides gracilis"
"Sample_2_filtered_trimmed_combined237size=1";"Eukaryota";"Chordata";"Actinopteri";"Clupeiformes";"Clupeidae";"Spratelloides";"Spratelloides gracilis"
"Sample_2_filtered_trimmed_combined249size=1";"Eukaryota";"Chordata";"Actinopteri";"Lutjaniformes";"Lutjanidae";"Caesio";"Caesio cuning"
"Sample_2_filtered_trimmed_combined254size=2";"Eukaryota";"Chordata";"Actinopteri";"Clupeiformes";"Engraulidae";"Encrasicholina";"Encrasicholina punctifer"
"Sample_2_filtered_trimmed_combined263size=1";"Eukaryota";"Chordata";"Actinopteri";"Holocentriformes";"Holocentridae";"Sargocentron";"Sargocentron rubrum"
"Sample_2_filtered_trimmed_combined278size=1";"Eukaryota";"Chordata";"Actinopteri";"Clupeiformes";"Engraulidae";"Encrasicholina";"Encrasicholina punctifer"
"Sample_2_filtered_trimmed_combined282size=1";"Eukaryota";"Chordata";"Actinopteri";"NA";"Pomacentridae";"Amblyglyphidodon";"Amblyglyphidodon ternatensis"
"Sample_2_filtered_trimmed_combined287size=10";"Eukaryota";"Chordata";"Actinopteri";"Clupeiformes";"Engraulidae";"Encrasicholina";"Encrasicholina punctifer"
"Sample_2_filtered_trimmed_combined289size=1";"Eukaryota";"Chordata";"Actinopteri";"Clupeiformes";"Engraulidae";"Encrasicholina";"Encrasicholina punctifer"
"Sample_2_filtered_trimmed_combined292size=1";"Eukaryota";"Chordata";"Actinopteri";"Clupeiformes";"Engraulidae";"Encrasicholina";"Encrasicholina punctifer"
"Sample_2_filtered_trimmed_combined297size=1";"Eukaryota";"Chordata";"Actinopteri";"NA";"Pomacentridae";"Amblyglyphidodon";"Amblyglyphidodon ternatensis"
"Sample_2_filtered_trimmed_combined311size=1";"Eukaryota";"Chordata";"Actinopteri";"Lutjaniformes";"Lutjanidae";"Caesio";"Caesio cuning"
"Sample_2_filtered_trimmed_combined319size=1";"Eukaryota";"Chordata";"Actinopteri";"NA";"Pomacentridae";"Amblyglyphidodon";"Amblyglyphidodon ternatensis"
"Sample_2_filtered_trimmed_combined325size=1";"Eukaryota";"Chordata";"Actinopteri";"NA";"Pomacentridae";"Amblyglyphidodon";"Amblyglyphidodon ternatensis"
"Sample_2_filtered_trimmed_combined330size=1";"Eukaryota";"Chordata";"Actinopteri";"Chaetodontiformes";"Chaetodontidae";"Chaetodon";"Chaetodon octofasciatus"
"Sample_2_filtered_trimmed_combined331size=1";"Eukaryota";"Chordata";"Actinopteri";"Clupeiformes";"Clupeidae";"Spratelloides";"Spratelloides gracilis"
"Sample_2_filtered_trimmed_combined337size=1";"Eukaryota";"Chordata";"Actinopteri";"Holocentriformes";"Holocentridae";"Sargocentron";"Sargocentron rubrum"
"Sample_2_filtered_trimmed_combined347size=1";"Eukaryota";"Chordata";"Actinopteri";"Labriformes";"Labridae";"Scarus";"Scarus rivulatus"
"Sample_2_filtered_trimmed_combined355size=1";"Eukaryota";"Chordata";"Actinopteri";"Clupeiformes";"Engraulidae";"Encrasicholina";"Encrasicholina punctifer"
"Sample_2_filtered_trimmed_combined360size=1";"Eukaryota";"Chordata";"Actinopteri";"Clupeiformes";"Engraulidae";"Encrasicholina";"Encrasicholina punctifer"
"Sample_2_filtered_trimmed_combined370size=1";"Eukaryota";"Chordata";"Actinopteri";"NA";"Pomacentridae";"Amblyglyphidodon";"Amblyglyphidodon ternatensis"
"Sample_2_filtered_trimmed_combined371size=1";"Eukaryota";"Chordata";"Actinopteri";"Kurtiformes";"Apogonidae";"Ostorhinchus";"Ostorhinchus compressus"
"Sample_2_filtered_trimmed_combined376size=1";"Eukaryota";"Chordata";"Actinopteri";"NA";"Pomacentridae";"Amblyglyphidodon";"Amblyglyphidodon ternatensis"
"Sample_2_filtered_trimmed_combined384size=1";"Eukaryota";"Chordata";"Actinopteri";"NA";"Pomacentridae";"Amblyglyphidodon";"Amblyglyphidodon ternatensis"
"Sample_2_filtered_trimmed_combined388size=1";"Eukaryota";"Chordata";"Actinopteri";"Holocentriformes";"Holocentridae";"Sargocentron";"Sargocentron rubrum"
"Sample_2_filtered_trimmed_combined398size=1";"Eukaryota";"Chordata";"Actinopteri";"Clupeiformes";"Clupeidae";"Spratelloides";"Spratelloides gracilis"
"Sample_2_filtered_trimmed_combined417size=1";"Eukaryota";"Chordata";"Actinopteri";"NA";"Pomacentridae";"Amblyglyphidodon";"Amblyglyphidodon ternatensis"
"Sample_2_filtered_trimmed_combined418size=1";"Eukaryota";"Chordata";"Actinopteri";"Kurtiformes";"Apogonidae";"Zoramia";"Zoramia viridiventer"
"Sample_2_filtered_trimmed_combined420size=1";"Eukaryota";"Chordata";"Actinopteri";"Clupeiformes";"Clupeidae";"Spratelloides";"Spratelloides gracilis"
"Sample_2_filtered_trimmed_combined421size=1";"Eukaryota";"Chordata";"Actinopteri";"Clupeiformes";"Engraulidae";"Encrasicholina";"Encrasicholina punctifer"
"Sample_2_filtered_trimmed_combined424size=1";"Eukaryota";"Chordata";"Actinopteri";"Kurtiformes";"Apogonidae";"Zoramia";"Zoramia viridiventer"
"Sample_2_filtered_trimmed_combined437size=1";"Eukaryota";"Chordata";"Actinopteri";"NA";"Pomacentridae";"Amblyglyphidodon";"Amblyglyphidodon ternatensis"
"Sample_2_filtered_trimmed_combined445size=1";"Eukaryota";"Chordata";"Actinopteri";"Chaetodontiformes";"Chaetodontidae";"Chaetodon";"Chaetodon octofasciatus"
"Sample_2_filtered_trimmed_combined460size=1";"Eukaryota";"Chordata";"Actinopteri";"Clupeiformes";"Clupeidae";"Spratelloides";"Spratelloides gracilis"
"Sample_2_filtered_trimmed_combined461size=1";"Eukaryota";"Chordata";"Actinopteri";"NA";"Pomacentridae";"Amblyglyphidodon";"Amblyglyphidodon ternatensis"
"Sample_2_filtered_trimmed_combined464size=1";"Eukaryota";"Chordata";"Actinopteri";"Clupeiformes";"Clupeidae";"Spratelloides";"Spratelloides gracilis"
"Sample_2_filtered_trimmed_combined469size=2";"Eukaryota";"Chordata";"Actinopteri";"NA";"Pomacanthidae";"Chaetodontoplus";"Chaetodontoplus mesoleucus"
"Sample_2_filtered_trimmed_combined471size=1";"Eukaryota";"Chordata";"Actinopteri";"Clupeiformes";"Engraulidae";"Encrasicholina";"Encrasicholina punctifer"
"Sample_2_filtered_trimmed_combined474size=1";"Eukaryota";"Chordata";"Actinopteri";"Clupeiformes";"Engraulidae";"Encrasicholina";"Encrasicholina punctifer"
"Sample_2_filtered_trimmed_combined475size=1";"Eukaryota";"Chordata";"Actinopteri";"NA";"Pomacentridae";"Amblyglyphidodon";"NA"
"Sample_2_filtered_trimmed_combined490size=13";"Eukaryota";"Chordata";"Actinopteri";"Clupeiformes";"Clupeidae";"Spratelloides";"Spratelloides gracilis"
"Sample_2_filtered_trimmed_combined499size=10";"Eukaryota";"Chordata";"Actinopteri";"Clupeiformes";"Engraulidae";"Encrasicholina";"Encrasicholina punctifer"
"Sample_2_filtered_trimmed_combined501size=2";"Eukaryota";"Chordata";"Actinopteri";"NA";"Pomacentridae";"Amblyglyphidodon";"Amblyglyphidodon ternatensis"
"Sample_2_filtered_trimmed_combined519size=1";"Eukaryota";"Chordata";"Actinopteri";"Holocentriformes";"Holocentridae";"Sargocentron";"Sargocentron rubrum"
"Sample_2_filtered_trimmed_combined522size=1";"Eukaryota";"Chordata";"Actinopteri";"NA";"Pomacentridae";"Amblyglyphidodon";"Amblyglyphidodon ternatensis"
"Sample_3_filtered_trimmed_combined203size=22";"Eukaryota";"Chordata";"Actinopteri";"NA";"Pomacentridae";"Amblyglyphidodon";"NA"
"Sample_3_filtered_trimmed_combined206size=1";"Eukaryota";"Chordata";"Actinopteri";"Chaetodontiformes";"Chaetodontidae";"Chaetodon";"NA"
"Sample_3_filtered_trimmed_combined211size=1";"Eukaryota";"Chordata";"Actinopteri";"Clupeiformes";"Clupeidae";"Spratelloides";"Spratelloides delicatulus"
"Sample_3_filtered_trimmed_combined224size=1";"Eukaryota";"Chordata";"Actinopteri";"NA";"Pomacentridae";"Amblyglyphidodon";"NA"
"Sample_3_filtered_trimmed_combined230size=1";"Eukaryota";"Chordata";"Actinopteri";"Clupeiformes";"Clupeidae";"Spratelloides";"Spratelloides delicatulus"
"Sample_3_filtered_trimmed_combined237size=1";"Eukaryota";"Chordata";"Actinopteri";"NA";"Pomacentridae";"Stegastes";"Stegastes lividus"
"Sample_3_filtered_trimmed_combined238size=1";"Eukaryota";"Chordata";"Actinopteri";"Clupeiformes";"Clupeidae";"Spratelloides";"Spratelloides delicatulus"
"Sample_3_filtered_trimmed_combined239size=5";"Eukaryota";"Chordata";"Actinopteri";"Clupeiformes";"Clupeidae";"Spratelloides";"Spratelloides delicatulus"
"Sample_3_filtered_trimmed_combined242size=1";"Eukaryota";"Chordata";"Actinopteri";"NA";"Pomacentridae";"Cheiloprion";"Cheiloprion labiatus"
"Sample_3_filtered_trimmed_combined244size=1";"Eukaryota";"Chordata";"Actinopteri";"Clupeiformes";"Clupeidae";"Spratelloides";"Spratelloides delicatulus"
"Sample_3_filtered_trimmed_combined248size=4";"Eukaryota";"Chordata";"Actinopteri";"Clupeiformes";"Clupeidae";"Spratelloides";"Spratelloides delicatulus"
"Sample_3_filtered_trimmed_combined252size=1";"Eukaryota";"Chordata";"Actinopteri";"Clupeiformes";"Clupeidae";"Spratelloides";"Spratelloides delicatulus"
"Sample_3_filtered_trimmed_combined257size=1";"Eukaryota";"Chordata";"Actinopteri";"NA";"Pomacentridae";"Cheiloprion";"Cheiloprion labiatus"
"Sample_3_filtered_trimmed_combined262size=1";"Eukaryota";"Chordata";"Actinopteri";"Clupeiformes";"Clupeidae";"Spratelloides";"Spratelloides delicatulus"
"Sample_3_filtered_trimmed_combined263size=1";"Eukaryota";"Chordata";"Actinopteri";"Clupeiformes";"Clupeidae";"Spratelloides";"Spratelloides delicatulus"
"Sample_3_filtered_trimmed_combined267size=1";"Eukaryota";"Chordata";"Actinopteri";"NA";"Pomacentridae";"Amblyglyphidodon";"NA"
"Sample_3_filtered_trimmed_combined268size=1";"Eukaryota";"Chordata";"Actinopteri";"Clupeiformes";"Clupeidae";"Spratelloides";"Spratelloides delicatulus"
"Sample_3_filtered_trimmed_combined281size=1";"Eukaryota";"Chordata";"Actinopteri";"Clupeiformes";"Clupeidae";"Spratelloides";"Spratelloides gracilis"
"Sample_3_filtered_trimmed_combined290size=1";"Eukaryota";"Chordata";"Actinopteri";"Clupeiformes";"Clupeidae";"Spratelloides";"Spratelloides delicatulus"
"Sample_3_filtered_trimmed_combined296size=1";"Eukaryota";"Chordata";"Actinopteri";"Clupeiformes";"Clupeidae";"Spratelloides";"Spratelloides delicatulus"
"Sample_3_filtered_trimmed_combined297size=1";"Eukaryota";"Chordata";"Actinopteri";"Labriformes";"Labridae";"Halichoeres";"Halichoeres leucurus"
"Sample_3_filtered_trimmed_combined304size=1";"Eukaryota";"Chordata";"Actinopteri";"Clupeiformes";"Clupeidae";"Spratelloides";"Spratelloides delicatulus"
"Sample_3_filtered_trimmed_combined314size=1";"Eukaryota";"Chordata";"Actinopteri";"Clupeiformes";"Clupeidae";"Spratelloides";"Spratelloides delicatulus"
"Sample_3_filtered_trimmed_combined322size=1";"Eukaryota";"Chordata";"Actinopteri";"Clupeiformes";"Clupeidae";"Spratelloides";"Spratelloides delicatulus"
"Sample_3_filtered_trimmed_combined328size=1";"Eukaryota";"Chordata";"Actinopteri";"Clupeiformes";"Clupeidae";"Spratelloides";"Spratelloides gracilis"
"Sample_3_filtered_trimmed_combined330size=1";"Eukaryota";"Chordata";"Actinopteri";"Clupeiformes";"Clupeidae";"Spratelloides";"Spratelloides delicatulus"
"Sample_3_filtered_trimmed_combined333size=1";"Eukaryota";"Chordata";"Actinopteri";"Clupeiformes";"Clupeidae";"Spratelloides";"Spratelloides gracilis"
"Sample_3_filtered_trimmed_combined336size=1";"Eukaryota";"Chordata";"Actinopteri";"Clupeiformes";"Clupeidae";"Spratelloides";"Spratelloides gracilis"
"Sample_3_filtered_trimmed_combined337size=1";"Eukaryota";"Chordata";"Actinopteri";"Clupeiformes";"Clupeidae";"Spratelloides";"Spratelloides delicatulus"
"Sample_3_filtered_trimmed_combined345size=1";"Eukaryota";"Chordata";"Actinopteri";"Clupeiformes";"Clupeidae";"Spratelloides";"Spratelloides gracilis"
"Sample_3_filtered_trimmed_combined349size=1";"Eukaryota";"Chordata";"Actinopteri";"Tetraodontiformes";"Balistidae";"NA";"NA"
"Sample_3_filtered_trimmed_combined352size=1";"Eukaryota";"Chordata";"Actinopteri";"Clupeiformes";"Clupeidae";"Spratelloides";"Spratelloides delicatulus"
"Sample_3_filtered_trimmed_combined354size=4";"Eukaryota";"Chordata";"Actinopteri";"Atheriniformes";"Atherinidae";"Atherinomorus";"Atherinomorus lacunosus"
"Sample_3_filtered_trimmed_combined355size=1";"Eukaryota";"Chordata";"Actinopteri";"Clupeiformes";"Clupeidae";"Spratelloides";"Spratelloides delicatulus"
"Sample_3_filtered_trimmed_combined358size=1";"Eukaryota";"Chordata";"Actinopteri";"Clupeiformes";"Clupeidae";"Spratelloides";"Spratelloides delicatulus"
"Sample_3_filtered_trimmed_combined369size=1";"Eukaryota";"Chordata";"Actinopteri";"Clupeiformes";"Clupeidae";"Spratelloides";"Spratelloides gracilis"
"Sample_3_filtered_trimmed_combined377size=1";"Eukaryota";"Chordata";"Actinopteri";"NA";"Siganidae";"Siganus";"Siganus puellus"
"Sample_3_filtered_trimmed_combined387size=6";"Eukaryota";"Chordata";"Actinopteri";"NA";"Siganidae";"Siganus";"Siganus puellus"
"Sample_3_filtered_trimmed_combined391size=1";"Eukaryota";"Chordata";"Actinopteri";"Clupeiformes";"Clupeidae";"Spratelloides";"Spratelloides delicatulus"
"Sample_3_filtered_trimmed_combined393size=1";"Eukaryota";"Chordata";"Actinopteri";"NA";"Siganidae";"Siganus";"Siganus puellus"
"Sample_3_filtered_trimmed_combined403size=1";"Eukaryota";"Chordata";"Actinopteri";"Clupeiformes";"Clupeidae";"Spratelloides";"Spratelloides gracilis"
"Sample_3_filtered_trimmed_combined415size=1";"Eukaryota";"Chordata";"Actinopteri";"Tetraodontiformes";"Balistidae";"NA";"NA"
"Sample_3_filtered_trimmed_combined417size=1";"Eukaryota";"Chordata";"Actinopteri";"Clupeiformes";"Clupeidae";"Spratelloides";"Spratelloides gracilis"
"Sample_3_filtered_trimmed_combined424size=1";"Eukaryota";"Chordata";"Actinopteri";"Clupeiformes";"Clupeidae";"Spratelloides";"Spratelloides delicatulus"
"Sample_3_filtered_trimmed_combined426size=1";"Eukaryota";"Chordata";"Actinopteri";"Clupeiformes";"Clupeidae";"Spratelloides";"Spratelloides delicatulus"
"Sample_3_filtered_trimmed_combined427size=1";"Eukaryota";"Chordata";"Actinopteri";"Gerreiformes";"Gerreidae";"Gerres";"NA"
"Sample_3_filtered_trimmed_combined430size=1";"Eukaryota";"Chordata";"Actinopteri";"Clupeiformes";"Clupeidae";"Spratelloides";"Spratelloides delicatulus"
"Sample_3_filtered_trimmed_combined443size=1";"Eukaryota";"Chordata";"Actinopteri";"Clupeiformes";"Clupeidae";"Spratelloides";"Spratelloides delicatulus"
"Sample_3_filtered_trimmed_combined447size=1";"Eukaryota";"Chordata";"Actinopteri";"NA";"Pomacentridae";"Cheiloprion";"Cheiloprion labiatus"
"Sample_3_filtered_trimmed_combined451size=1";"Eukaryota";"Chordata";"Actinopteri";"Clupeiformes";"Clupeidae";"Spratelloides";"Spratelloides delicatulus"
"Sample_3_filtered_trimmed_combined453size=1";"Eukaryota";"Chordata";"Actinopteri";"Clupeiformes";"Clupeidae";"Spratelloides";"Spratelloides delicatulus"
"Sample_3_filtered_trimmed_combined456size=1";"Eukaryota";"Chordata";"Actinopteri";"NA";"Pomacentridae";"Amblyglyphidodon";"NA"
"Sample_3_filtered_trimmed_combined462size=1";"Eukaryota";"Chordata";"Actinopteri";"Clupeiformes";"Clupeidae";"Spratelloides";"Spratelloides gracilis"
"Sample_3_filtered_trimmed_combined466size=1";"Eukaryota";"Chordata";"Actinopteri";"Clupeiformes";"Clupeidae";"Spratelloides";"Spratelloides gracilis"
"Sample_3_filtered_trimmed_combined474size=2";"Eukaryota";"Chordata";"Actinopteri";"Clupeiformes";"Clupeidae";"Spratelloides";"Spratelloides delicatulus"
"Sample_3_filtered_trimmed_combined478size=3";"Eukaryota";"Chordata";"Actinopteri";"Clupeiformes";"Clupeidae";"Spratelloides";"Spratelloides delicatulus"
"Sample_3_filtered_trimmed_combined481size=1";"Eukaryota";"Chordata";"Actinopteri";"Clupeiformes";"Clupeidae";"Spratelloides";"Spratelloides delicatulus"
"Sample_3_filtered_trimmed_combined486size=1";"Eukaryota";"Chordata";"Actinopteri";"Atheriniformes";"Atherinidae";"Atherinomorus";"Atherinomorus lacunosus"
"Sample_3_filtered_trimmed_combined491size=1";"Eukaryota";"Chordata";"Actinopteri";"NA";"Pomacentridae";"Cheiloprion";"Cheiloprion labiatus"
"Sample_3_filtered_trimmed_combined494size=1";"Eukaryota";"Chordata";"Actinopteri";"NA";"Pomacentridae";"Cheiloprion";"Cheiloprion labiatus"
"Sample_3_filtered_trimmed_combined504size=1";"Eukaryota";"Chordata";"Actinopteri";"NA";"Pomacentridae";"Amblyglyphidodon";"NA"
"Sample_3_filtered_trimmed_combined506size=1";"Eukaryota";"Chordata";"Actinopteri";"Clupeiformes";"Clupeidae";"Spratelloides";"Spratelloides delicatulus"
"Sample_3_filtered_trimmed_combined512size=1";"Eukaryota";"Chordata";"Actinopteri";"NA";"Pomacentridae";"Amblyglyphidodon";"NA"
"Sample_3_filtered_trimmed_combined514size=5";"Eukaryota";"Chordata";"Actinopteri";"Clupeiformes";"Clupeidae";"Spratelloides";"Spratelloides delicatulus"
"Sample_3_filtered_trimmed_combined515size=1";"Eukaryota";"Chordata";"Actinopteri";"NA";"Pomacentridae";"Amblyglyphidodon";"NA"
"Sample_3_filtered_trimmed_combined522size=1";"Eukaryota";"Chordata";"Actinopteri";"NA";"Pomacentridae";"Chromis";"NA"
"Sample_3_filtered_trimmed_combined524size=1";"Eukaryota";"Chordata";"Actinopteri";"Clupeiformes";"Clupeidae";"Spratelloides";"Spratelloides delicatulus"
"Sample_3_filtered_trimmed_combined525size=1";"Eukaryota";"Chordata";"Actinopteri";"Clupeiformes";"Clupeidae";"Spratelloides";"Spratelloides delicatulus"
"Sample_3_filtered_trimmed_combined528size=2";"Eukaryota";"Chordata";"Actinopteri";"Clupeiformes";"Clupeidae";"Spratelloides";"Spratelloides gracilis"
"Sample_3_filtered_trimmed_combined532size=3";"Eukaryota";"Chordata";"Actinopteri";"Clupeiformes";"Clupeidae";"Spratelloides";"Spratelloides gracilis"
"Sample_1_filtered_trimmed_combined236size=1";"Eukaryota";"Chordata";"Actinopteri";"NA";"Pomacentridae";"";NA
"Sample_1_filtered_trimmed_combined245size=1";"Eukaryota";"Chordata";"Actinopteri";"Holocentriformes";"Holocentridae";"";NA
"Sample_1_filtered_trimmed_combined281size=4";"Eukaryota";"Chordata";"Actinopteri";"NA";"Pomacentridae";"";NA
"Sample_1_filtered_trimmed_combined288size=1";"Eukaryota";"Chordata";"Actinopteri";"NA";"Pomacentridae";"";NA
"Sample_1_filtered_trimmed_combined298size=1";"Eukaryota";"Chordata";"Actinopteri";"Holocentriformes";"Holocentridae";"";NA
"Sample_1_filtered_trimmed_combined403size=1";"Eukaryota";"Chordata";"Actinopteri";"NA";"Pomacentridae";"";NA
"Sample_1_filtered_trimmed_combined525size=1";"Eukaryota";"Chordata";"Actinopteri";"NA";"Pomacentridae";"";NA
"Sample_2_filtered_trimmed_combined222size=2";"Eukaryota";"Chordata";"Actinopteri";"Holocentriformes";"Holocentridae";"";NA
"Sample_2_filtered_trimmed_combined258size=1";"Eukaryota";"Chordata";"Actinopteri";"Holocentriformes";"Holocentridae";"";NA
"Sample_2_filtered_trimmed_combined314size=1";"Eukaryota";"Chordata";"Actinopteri";"Holocentriformes";"Holocentridae";"";NA
"Sample_2_filtered_trimmed_combined315size=9";"Eukaryota";"Chordata";"Actinopteri";"Holocentriformes";"Holocentridae";"";NA
"Sample_2_filtered_trimmed_combined322size=1";"Eukaryota";"Chordata";"Actinopteri";"Holocentriformes";"Holocentridae";"";NA
"Sample_2_filtered_trimmed_combined332size=1";"Eukaryota";"Chordata";"Actinopteri";"Holocentriformes";"Holocentridae";"";NA
"Sample_2_filtered_trimmed_combined405size=1";"Eukaryota";"Chordata";"Actinopteri";"Holocentriformes";"Holocentridae";"";NA
"Sample_2_filtered_trimmed_combined447size=3";"Eukaryota";"Chordata";"Actinopteri";"Holocentriformes";"Holocentridae";"";NA
"Sample_2_filtered_trimmed_combined466size=1";"Eukaryota";"Chordata";"Actinopteri";"Holocentriformes";"Holocentridae";"";NA
"Sample_2_filtered_trimmed_combined507size=1";"Eukaryota";"Chordata";"Actinopteri";"Holocentriformes";"Holocentridae";"";NA
"Sample_1_filtered_trimmed_combined100size=2";NA;NA;NA;NA;NA;NA;NA
"Sample_1_filtered_trimmed_combined104size=1";NA;NA;NA;NA;NA;NA;NA
"Sample_1_filtered_trimmed_combined111size=1";NA;NA;NA;NA;NA;NA;NA
"Sample_1_filtered_trimmed_combined112size=15";NA;NA;NA;NA;NA;NA;NA
"Sample_1_filtered_trimmed_combined113size=23";NA;NA;NA;NA;NA;NA;NA
"Sample_1_filtered_trimmed_combined116size=1";NA;NA;NA;NA;NA;NA;NA
"Sample_1_filtered_trimmed_combined117size=1";NA;NA;NA;NA;NA;NA;NA
"Sample_1_filtered_trimmed_combined120size=1";NA;NA;NA;NA;NA;NA;NA
"Sample_1_filtered_trimmed_combined123size=1";NA;NA;NA;NA;NA;NA;NA
"Sample_1_filtered_trimmed_combined126size=1";NA;NA;NA;NA;NA;NA;NA
"Sample_1_filtered_trimmed_combined127size=1";NA;NA;NA;NA;NA;NA;NA
"Sample_1_filtered_trimmed_combined129size=5";NA;NA;NA;NA;NA;NA;NA
"Sample_1_filtered_trimmed_combined133size=1";NA;NA;NA;NA;NA;NA;NA
"Sample_1_filtered_trimmed_combined144size=1";NA;NA;NA;NA;NA;NA;NA
"Sample_1_filtered_trimmed_combined146size=2";NA;NA;NA;NA;NA;NA;NA
"Sample_1_filtered_trimmed_combined147size=1";NA;NA;NA;NA;NA;NA;NA
"Sample_1_filtered_trimmed_combined149size=11";NA;NA;NA;NA;NA;NA;NA
"Sample_1_filtered_trimmed_combined151size=2";NA;NA;NA;NA;NA;NA;NA
"Sample_1_filtered_trimmed_combined152size=2";NA;NA;NA;NA;NA;NA;NA
"Sample_1_filtered_trimmed_combined156size=2";NA;NA;NA;NA;NA;NA;NA
"Sample_1_filtered_trimmed_combined158size=3";NA;NA;NA;NA;NA;NA;NA
"Sample_1_filtered_trimmed_combined160size=1";NA;NA;NA;NA;NA;NA;NA
"Sample_1_filtered_trimmed_combined164size=1";NA;NA;NA;NA;NA;NA;NA
"Sample_1_filtered_trimmed_combined166size=1";NA;NA;NA;NA;NA;NA;NA
"Sample_1_filtered_trimmed_combined171size=6";NA;NA;NA;NA;NA;NA;NA
"Sample_1_filtered_trimmed_combined178size=1";NA;NA;NA;NA;NA;NA;NA
"Sample_1_filtered_trimmed_combined180size=1";NA;NA;NA;NA;NA;NA;NA
"Sample_1_filtered_trimmed_combined181size=4";NA;NA;NA;NA;NA;NA;NA
"Sample_1_filtered_trimmed_combined183size=12";NA;NA;NA;NA;NA;NA;NA
"Sample_1_filtered_trimmed_combined187size=2";NA;NA;NA;NA;NA;NA;NA
"Sample_1_filtered_trimmed_combined189size=1";NA;NA;NA;NA;NA;NA;NA
"Sample_1_filtered_trimmed_combined18size=1";NA;NA;NA;NA;NA;NA;NA
"Sample_1_filtered_trimmed_combined192size=1";NA;NA;NA;NA;NA;NA;NA
"Sample_1_filtered_trimmed_combined195size=1";NA;NA;NA;NA;NA;NA;NA
"Sample_1_filtered_trimmed_combined197size=1";NA;NA;NA;NA;NA;NA;NA
"Sample_1_filtered_trimmed_combined198size=6";NA;NA;NA;NA;NA;NA;NA
"Sample_1_filtered_trimmed_combined203size=1";NA;NA;NA;NA;NA;NA;NA
"Sample_1_filtered_trimmed_combined205size=1";NA;NA;NA;NA;NA;NA;NA
"Sample_1_filtered_trimmed_combined206size=20";NA;NA;NA;NA;NA;NA;NA
"Sample_1_filtered_trimmed_combined20size=1";NA;NA;NA;NA;NA;NA;NA
"Sample_1_filtered_trimmed_combined214size=1";NA;NA;NA;NA;NA;NA;NA
"Sample_1_filtered_trimmed_combined217size=1";NA;NA;NA;NA;NA;NA;NA
"Sample_1_filtered_trimmed_combined219size=1";NA;NA;NA;NA;NA;NA;NA
"Sample_1_filtered_trimmed_combined223size=1";NA;NA;NA;NA;NA;NA;NA
"Sample_1_filtered_trimmed_combined224size=1";NA;NA;NA;NA;NA;NA;NA
"Sample_1_filtered_trimmed_combined225size=10";NA;NA;NA;NA;NA;NA;NA
"Sample_1_filtered_trimmed_combined231size=3";NA;NA;NA;NA;NA;NA;NA
"Sample_1_filtered_trimmed_combined24size=20";NA;NA;NA;NA;NA;NA;NA
"Sample_1_filtered_trimmed_combined255size=4";NA;NA;NA;NA;NA;NA;NA
"Sample_1_filtered_trimmed_combined256size=1";NA;NA;NA;NA;NA;NA;NA
"Sample_1_filtered_trimmed_combined257size=1";NA;NA;NA;NA;NA;NA;NA
"Sample_1_filtered_trimmed_combined261size=1";NA;NA;NA;NA;NA;NA;NA
"Sample_1_filtered_trimmed_combined266size=1";NA;NA;NA;NA;NA;NA;NA
"Sample_1_filtered_trimmed_combined268size=12";NA;NA;NA;NA;NA;NA;NA
"Sample_1_filtered_trimmed_combined271size=1";NA;NA;NA;NA;NA;NA;NA
"Sample_1_filtered_trimmed_combined272size=1";NA;NA;NA;NA;NA;NA;NA
"Sample_1_filtered_trimmed_combined277size=1";NA;NA;NA;NA;NA;NA;NA
"Sample_1_filtered_trimmed_combined27size=1";NA;NA;NA;NA;NA;NA;NA
"Sample_1_filtered_trimmed_combined284size=2";NA;NA;NA;NA;NA;NA;NA
"Sample_1_filtered_trimmed_combined286size=1";NA;NA;NA;NA;NA;NA;NA
"Sample_1_filtered_trimmed_combined291size=1";NA;NA;NA;NA;NA;NA;NA
"Sample_1_filtered_trimmed_combined294size=1";NA;NA;NA;NA;NA;NA;NA
"Sample_1_filtered_trimmed_combined30size=1";NA;NA;NA;NA;NA;NA;NA
"Sample_1_filtered_trimmed_combined319size=1";NA;NA;NA;NA;NA;NA;NA
"Sample_1_filtered_trimmed_combined323size=1";NA;NA;NA;NA;NA;NA;NA
"Sample_1_filtered_trimmed_combined331size=1";NA;NA;NA;NA;NA;NA;NA
"Sample_1_filtered_trimmed_combined335size=1";NA;NA;NA;NA;NA;NA;NA
"Sample_1_filtered_trimmed_combined336size=1";NA;NA;NA;NA;NA;NA;NA
"Sample_1_filtered_trimmed_combined33size=1";NA;NA;NA;NA;NA;NA;NA
"Sample_1_filtered_trimmed_combined343size=1";NA;NA;NA;NA;NA;NA;NA
"Sample_1_filtered_trimmed_combined345size=1";NA;NA;NA;NA;NA;NA;NA
"Sample_1_filtered_trimmed_combined346size=1";NA;NA;NA;NA;NA;NA;NA
"Sample_1_filtered_trimmed_combined34size=1";NA;NA;NA;NA;NA;NA;NA
"Sample_1_filtered_trimmed_combined350size=1";NA;NA;NA;NA;NA;NA;NA
"Sample_1_filtered_trimmed_combined355size=1";NA;NA;NA;NA;NA;NA;NA
"Sample_1_filtered_trimmed_combined35size=1";NA;NA;NA;NA;NA;NA;NA
"Sample_1_filtered_trimmed_combined362size=1";NA;NA;NA;NA;NA;NA;NA
"Sample_1_filtered_trimmed_combined36size=1";NA;NA;NA;NA;NA;NA;NA
"Sample_1_filtered_trimmed_combined371size=1";NA;NA;NA;NA;NA;NA;NA
"Sample_1_filtered_trimmed_combined377size=1";NA;NA;NA;NA;NA;NA;NA
"Sample_1_filtered_trimmed_combined37size=1";NA;NA;NA;NA;NA;NA;NA
"Sample_1_filtered_trimmed_combined389size=1";NA;NA;NA;NA;NA;NA;NA
"Sample_1_filtered_trimmed_combined409size=13";NA;NA;NA;NA;NA;NA;NA
"Sample_1_filtered_trimmed_combined40size=1";NA;NA;NA;NA;NA;NA;NA
"Sample_1_filtered_trimmed_combined419size=6";NA;NA;NA;NA;NA;NA;NA
"Sample_1_filtered_trimmed_combined41size=1";NA;NA;NA;NA;NA;NA;NA
"Sample_1_filtered_trimmed_combined420size=1";NA;NA;NA;NA;NA;NA;NA
"Sample_1_filtered_trimmed_combined439size=1";NA;NA;NA;NA;NA;NA;NA
"Sample_1_filtered_trimmed_combined443size=1";NA;NA;NA;NA;NA;NA;NA
"Sample_1_filtered_trimmed_combined459size=1";NA;NA;NA;NA;NA;NA;NA
"Sample_1_filtered_trimmed_combined463size=8";NA;NA;NA;NA;NA;NA;NA
"Sample_1_filtered_trimmed_combined464size=1";NA;NA;NA;NA;NA;NA;NA
"Sample_1_filtered_trimmed_combined465size=1";NA;NA;NA;NA;NA;NA;NA
"Sample_1_filtered_trimmed_combined466size=8";NA;NA;NA;NA;NA;NA;NA
"Sample_1_filtered_trimmed_combined467size=1";NA;NA;NA;NA;NA;NA;NA
"Sample_1_filtered_trimmed_combined468size=1";NA;NA;NA;NA;NA;NA;NA
"Sample_1_filtered_trimmed_combined472size=21";NA;NA;NA;NA;NA;NA;NA
"Sample_1_filtered_trimmed_combined477size=1";NA;NA;NA;NA;NA;NA;NA
"Sample_1_filtered_trimmed_combined486size=6";NA;NA;NA;NA;NA;NA;NA
"Sample_1_filtered_trimmed_combined487size=1";NA;NA;NA;NA;NA;NA;NA
"Sample_1_filtered_trimmed_combined488size=1";NA;NA;NA;NA;NA;NA;NA
"Sample_1_filtered_trimmed_combined48size=11";NA;NA;NA;NA;NA;NA;NA
"Sample_1_filtered_trimmed_combined490size=1";NA;NA;NA;NA;NA;NA;NA
"Sample_1_filtered_trimmed_combined494size=1";NA;NA;NA;NA;NA;NA;NA
"Sample_1_filtered_trimmed_combined495size=1";NA;NA;NA;NA;NA;NA;NA
"Sample_1_filtered_trimmed_combined498size=1";NA;NA;NA;NA;NA;NA;NA
"Sample_1_filtered_trimmed_combined503size=1";NA;NA;NA;NA;NA;NA;NA
"Sample_1_filtered_trimmed_combined507size=1";NA;NA;NA;NA;NA;NA;NA
"Sample_1_filtered_trimmed_combined515size=1";NA;NA;NA;NA;NA;NA;NA
"Sample_1_filtered_trimmed_combined517size=1";NA;NA;NA;NA;NA;NA;NA
"Sample_1_filtered_trimmed_combined524size=1";NA;NA;NA;NA;NA;NA;NA
"Sample_1_filtered_trimmed_combined537size=2";NA;NA;NA;NA;NA;NA;NA
"Sample_1_filtered_trimmed_combined54size=1";NA;NA;NA;NA;NA;NA;NA
"Sample_1_filtered_trimmed_combined551size=1";NA;NA;NA;NA;NA;NA;NA
"Sample_1_filtered_trimmed_combined55size=1";NA;NA;NA;NA;NA;NA;NA
"Sample_1_filtered_trimmed_combined564size=3";NA;NA;NA;NA;NA;NA;NA
"Sample_1_filtered_trimmed_combined59size=1";NA;NA;NA;NA;NA;NA;NA
"Sample_1_filtered_trimmed_combined5size=3";NA;NA;NA;NA;NA;NA;NA
"Sample_1_filtered_trimmed_combined62size=1";NA;NA;NA;NA;NA;NA;NA
"Sample_1_filtered_trimmed_combined64size=1";NA;NA;NA;NA;NA;NA;NA
"Sample_1_filtered_trimmed_combined65size=1";NA;NA;NA;NA;NA;NA;NA
"Sample_1_filtered_trimmed_combined70size=1";NA;NA;NA;NA;NA;NA;NA
"Sample_1_filtered_trimmed_combined77size=1";NA;NA;NA;NA;NA;NA;NA
"Sample_1_filtered_trimmed_combined7size=1";NA;NA;NA;NA;NA;NA;NA
"Sample_1_filtered_trimmed_combined81size=1";NA;NA;NA;NA;NA;NA;NA
"Sample_1_filtered_trimmed_combined82size=2";NA;NA;NA;NA;NA;NA;NA
"Sample_1_filtered_trimmed_combined83size=1";NA;NA;NA;NA;NA;NA;NA
"Sample_1_filtered_trimmed_combined85size=15";NA;NA;NA;NA;NA;NA;NA
"Sample_1_filtered_trimmed_combined86size=1";NA;NA;NA;NA;NA;NA;NA
"Sample_1_filtered_trimmed_combined87size=1";NA;NA;NA;NA;NA;NA;NA
"Sample_1_filtered_trimmed_combined88size=2";NA;NA;NA;NA;NA;NA;NA
"Sample_1_filtered_trimmed_combined89size=1";NA;NA;NA;NA;NA;NA;NA
"Sample_1_filtered_trimmed_combined8size=1";NA;NA;NA;NA;NA;NA;NA
"Sample_1_filtered_trimmed_combined90size=1";NA;NA;NA;NA;NA;NA;NA
"Sample_1_filtered_trimmed_combined96size=1";NA;NA;NA;NA;NA;NA;NA
"Sample_1_filtered_trimmed_combined98size=1";NA;NA;NA;NA;NA;NA;NA
"Sample_1_filtered_trimmed_combined9size=2";NA;NA;NA;NA;NA;NA;NA
"Sample_2_filtered_trimmed_combined100size=1";NA;NA;NA;NA;NA;NA;NA
"Sample_2_filtered_trimmed_combined103size=1";NA;NA;NA;NA;NA;NA;NA
"Sample_2_filtered_trimmed_combined106size=2";NA;NA;NA;NA;NA;NA;NA
"Sample_2_filtered_trimmed_combined110size=1";NA;NA;NA;NA;NA;NA;NA
"Sample_2_filtered_trimmed_combined111size=10";NA;NA;NA;NA;NA;NA;NA
"Sample_2_filtered_trimmed_combined114size=1";NA;NA;NA;NA;NA;NA;NA
"Sample_2_filtered_trimmed_combined115size=1";NA;NA;NA;NA;NA;NA;NA
"Sample_2_filtered_trimmed_combined117size=1";NA;NA;NA;NA;NA;NA;NA
"Sample_2_filtered_trimmed_combined119size=1";NA;NA;NA;NA;NA;NA;NA
"Sample_2_filtered_trimmed_combined11size=1";NA;NA;NA;NA;NA;NA;NA
"Sample_2_filtered_trimmed_combined122size=1";NA;NA;NA;NA;NA;NA;NA
"Sample_2_filtered_trimmed_combined123size=1";NA;NA;NA;NA;NA;NA;NA
"Sample_2_filtered_trimmed_combined124size=1";NA;NA;NA;NA;NA;NA;NA
"Sample_2_filtered_trimmed_combined128size=3";NA;NA;NA;NA;NA;NA;NA
"Sample_2_filtered_trimmed_combined129size=1";NA;NA;NA;NA;NA;NA;NA
"Sample_2_filtered_trimmed_combined131size=35";NA;NA;NA;NA;NA;NA;NA
"Sample_2_filtered_trimmed_combined134size=9";NA;NA;NA;NA;NA;NA;NA
"Sample_2_filtered_trimmed_combined141size=1";NA;NA;NA;NA;NA;NA;NA
"Sample_2_filtered_trimmed_combined146size=1";NA;NA;NA;NA;NA;NA;NA
"Sample_2_filtered_trimmed_combined148size=5";NA;NA;NA;NA;NA;NA;NA
"Sample_2_filtered_trimmed_combined156size=1";NA;NA;NA;NA;NA;NA;NA
"Sample_2_filtered_trimmed_combined160size=1";NA;NA;NA;NA;NA;NA;NA
"Sample_2_filtered_trimmed_combined161size=1";NA;NA;NA;NA;NA;NA;NA
"Sample_2_filtered_trimmed_combined164size=2";NA;NA;NA;NA;NA;NA;NA
"Sample_2_filtered_trimmed_combined166size=1";NA;NA;NA;NA;NA;NA;NA
"Sample_2_filtered_trimmed_combined167size=1";NA;NA;NA;NA;NA;NA;NA
"Sample_2_filtered_trimmed_combined168size=1";NA;NA;NA;NA;NA;NA;NA
"Sample_2_filtered_trimmed_combined169size=1";NA;NA;NA;NA;NA;NA;NA
"Sample_2_filtered_trimmed_combined170size=1";NA;NA;NA;NA;NA;NA;NA
"Sample_2_filtered_trimmed_combined171size=11";NA;NA;NA;NA;NA;NA;NA
"Sample_2_filtered_trimmed_combined172size=1";NA;NA;NA;NA;NA;NA;NA
"Sample_2_filtered_trimmed_combined178size=1";NA;NA;NA;NA;NA;NA;NA
"Sample_2_filtered_trimmed_combined182size=12";NA;NA;NA;NA;NA;NA;NA
"Sample_2_filtered_trimmed_combined184size=1";NA;NA;NA;NA;NA;NA;NA
"Sample_2_filtered_trimmed_combined192size=1";NA;NA;NA;NA;NA;NA;NA
"Sample_2_filtered_trimmed_combined198size=1";NA;NA;NA;NA;NA;NA;NA
"Sample_2_filtered_trimmed_combined199size=1";NA;NA;NA;NA;NA;NA;NA
"Sample_2_filtered_trimmed_combined200size=1";NA;NA;NA;NA;NA;NA;NA
"Sample_2_filtered_trimmed_combined201size=1";NA;NA;NA;NA;NA;NA;NA
"Sample_2_filtered_trimmed_combined204size=1";NA;NA;NA;NA;NA;NA;NA
"Sample_2_filtered_trimmed_combined212size=1";NA;NA;NA;NA;NA;NA;NA
"Sample_2_filtered_trimmed_combined21size=1";NA;NA;NA;NA;NA;NA;NA
"Sample_2_filtered_trimmed_combined227size=1";NA;NA;NA;NA;NA;NA;NA
"Sample_2_filtered_trimmed_combined234size=34";NA;NA;NA;NA;NA;NA;NA
"Sample_2_filtered_trimmed_combined239size=1";NA;NA;NA;NA;NA;NA;NA
"Sample_2_filtered_trimmed_combined23size=1";NA;NA;NA;NA;NA;NA;NA
"Sample_2_filtered_trimmed_combined245size=47";NA;NA;NA;NA;NA;NA;NA
"Sample_2_filtered_trimmed_combined24size=1";NA;NA;NA;NA;NA;NA;NA
"Sample_2_filtered_trimmed_combined250size=1";NA;NA;NA;NA;NA;NA;NA
"Sample_2_filtered_trimmed_combined257size=9";NA;NA;NA;NA;NA;NA;NA
"Sample_2_filtered_trimmed_combined259size=1";NA;NA;NA;NA;NA;NA;NA
"Sample_2_filtered_trimmed_combined25size=1";NA;NA;NA;NA;NA;NA;NA
"Sample_2_filtered_trimmed_combined264size=1";NA;NA;NA;NA;NA;NA;NA
"Sample_2_filtered_trimmed_combined265size=1";NA;NA;NA;NA;NA;NA;NA
"Sample_2_filtered_trimmed_combined269size=1";NA;NA;NA;NA;NA;NA;NA
"Sample_2_filtered_trimmed_combined26size=1";NA;NA;NA;NA;NA;NA;NA
"Sample_2_filtered_trimmed_combined274size=1";NA;NA;NA;NA;NA;NA;NA
"Sample_2_filtered_trimmed_combined280size=1";NA;NA;NA;NA;NA;NA;NA
"Sample_2_filtered_trimmed_combined285size=1";NA;NA;NA;NA;NA;NA;NA
"Sample_2_filtered_trimmed_combined288size=2";NA;NA;NA;NA;NA;NA;NA
"Sample_2_filtered_trimmed_combined293size=14";NA;NA;NA;NA;NA;NA;NA
"Sample_2_filtered_trimmed_combined294size=7";NA;NA;NA;NA;NA;NA;NA
"Sample_2_filtered_trimmed_combined298size=2";NA;NA;NA;NA;NA;NA;NA
"Sample_2_filtered_trimmed_combined313size=1";NA;NA;NA;NA;NA;NA;NA
"Sample_2_filtered_trimmed_combined317size=1";NA;NA;NA;NA;NA;NA;NA
"Sample_2_filtered_trimmed_combined321size=1";NA;NA;NA;NA;NA;NA;NA
"Sample_2_filtered_trimmed_combined32size=2";NA;NA;NA;NA;NA;NA;NA
"Sample_2_filtered_trimmed_combined333size=1";NA;NA;NA;NA;NA;NA;NA
"Sample_2_filtered_trimmed_combined336size=1";NA;NA;NA;NA;NA;NA;NA
"Sample_2_filtered_trimmed_combined338size=1";NA;NA;NA;NA;NA;NA;NA
"Sample_2_filtered_trimmed_combined34size=1";NA;NA;NA;NA;NA;NA;NA
"Sample_2_filtered_trimmed_combined353size=1";NA;NA;NA;NA;NA;NA;NA
"Sample_2_filtered_trimmed_combined359size=1";NA;NA;NA;NA;NA;NA;NA
"Sample_2_filtered_trimmed_combined365size=1";NA;NA;NA;NA;NA;NA;NA
"Sample_2_filtered_trimmed_combined36size=2";NA;NA;NA;NA;NA;NA;NA
"Sample_2_filtered_trimmed_combined373size=1";NA;NA;NA;NA;NA;NA;NA
"Sample_2_filtered_trimmed_combined374size=2";NA;NA;NA;NA;NA;NA;NA
"Sample_2_filtered_trimmed_combined385size=1";NA;NA;NA;NA;NA;NA;NA
"Sample_2_filtered_trimmed_combined386size=1";NA;NA;NA;NA;NA;NA;NA
"Sample_2_filtered_trimmed_combined38size=1";NA;NA;NA;NA;NA;NA;NA
"Sample_2_filtered_trimmed_combined391size=1";NA;NA;NA;NA;NA;NA;NA
"Sample_2_filtered_trimmed_combined392size=2";NA;NA;NA;NA;NA;NA;NA
"Sample_2_filtered_trimmed_combined399size=1";NA;NA;NA;NA;NA;NA;NA
"Sample_2_filtered_trimmed_combined39size=1";NA;NA;NA;NA;NA;NA;NA
"Sample_2_filtered_trimmed_combined403size=1";NA;NA;NA;NA;NA;NA;NA
"Sample_2_filtered_trimmed_combined406size=1";NA;NA;NA;NA;NA;NA;NA
"Sample_2_filtered_trimmed_combined410size=1";NA;NA;NA;NA;NA;NA;NA
"Sample_2_filtered_trimmed_combined413size=4";NA;NA;NA;NA;NA;NA;NA
"Sample_2_filtered_trimmed_combined41size=1";NA;NA;NA;NA;NA;NA;NA
"Sample_2_filtered_trimmed_combined426size=1";NA;NA;NA;NA;NA;NA;NA
"Sample_2_filtered_trimmed_combined428size=1";NA;NA;NA;NA;NA;NA;NA
"Sample_2_filtered_trimmed_combined431size=1";NA;NA;NA;NA;NA;NA;NA
"Sample_2_filtered_trimmed_combined43size=1";NA;NA;NA;NA;NA;NA;NA
"Sample_2_filtered_trimmed_combined443size=1";NA;NA;NA;NA;NA;NA;NA
"Sample_2_filtered_trimmed_combined444size=1";NA;NA;NA;NA;NA;NA;NA
"Sample_2_filtered_trimmed_combined450size=1";NA;NA;NA;NA;NA;NA;NA
"Sample_2_filtered_trimmed_combined451size=1";NA;NA;NA;NA;NA;NA;NA
"Sample_2_filtered_trimmed_combined454size=2";NA;NA;NA;NA;NA;NA;NA
"Sample_2_filtered_trimmed_combined456size=1";NA;NA;NA;NA;NA;NA;NA
"Sample_2_filtered_trimmed_combined457size=1";NA;NA;NA;NA;NA;NA;NA
"Sample_2_filtered_trimmed_combined462size=1";NA;NA;NA;NA;NA;NA;NA
"Sample_2_filtered_trimmed_combined465size=1";NA;NA;NA;NA;NA;NA;NA
"Sample_2_filtered_trimmed_combined468size=13";NA;NA;NA;NA;NA;NA;NA
"Sample_2_filtered_trimmed_combined470size=1";NA;NA;NA;NA;NA;NA;NA
"Sample_2_filtered_trimmed_combined479size=2";NA;NA;NA;NA;NA;NA;NA
"Sample_2_filtered_trimmed_combined488size=1";NA;NA;NA;NA;NA;NA;NA
"Sample_2_filtered_trimmed_combined489size=1";NA;NA;NA;NA;NA;NA;NA
"Sample_2_filtered_trimmed_combined495size=1";NA;NA;NA;NA;NA;NA;NA
"Sample_2_filtered_trimmed_combined49size=1";NA;NA;NA;NA;NA;NA;NA
"Sample_2_filtered_trimmed_combined4size=1";NA;NA;NA;NA;NA;NA;NA
"Sample_2_filtered_trimmed_combined503size=1";NA;NA;NA;NA;NA;NA;NA
"Sample_2_filtered_trimmed_combined506size=1";NA;NA;NA;NA;NA;NA;NA
"Sample_2_filtered_trimmed_combined508size=1";NA;NA;NA;NA;NA;NA;NA
"Sample_2_filtered_trimmed_combined510size=1";NA;NA;NA;NA;NA;NA;NA
"Sample_2_filtered_trimmed_combined511size=1";NA;NA;NA;NA;NA;NA;NA
"Sample_2_filtered_trimmed_combined512size=1";NA;NA;NA;NA;NA;NA;NA
"Sample_2_filtered_trimmed_combined523size=1";NA;NA;NA;NA;NA;NA;NA
"Sample_2_filtered_trimmed_combined528size=1";NA;NA;NA;NA;NA;NA;NA
"Sample_2_filtered_trimmed_combined56size=1";NA;NA;NA;NA;NA;NA;NA
"Sample_2_filtered_trimmed_combined57size=6";NA;NA;NA;NA;NA;NA;NA
"Sample_2_filtered_trimmed_combined60size=2";NA;NA;NA;NA;NA;NA;NA
"Sample_2_filtered_trimmed_combined68size=1";NA;NA;NA;NA;NA;NA;NA
"Sample_2_filtered_trimmed_combined6size=1";NA;NA;NA;NA;NA;NA;NA
"Sample_2_filtered_trimmed_combined70size=1";NA;NA;NA;NA;NA;NA;NA
"Sample_2_filtered_trimmed_combined71size=1";NA;NA;NA;NA;NA;NA;NA
"Sample_2_filtered_trimmed_combined78size=21";NA;NA;NA;NA;NA;NA;NA
"Sample_2_filtered_trimmed_combined7size=1";NA;NA;NA;NA;NA;NA;NA
"Sample_2_filtered_trimmed_combined81size=1";NA;NA;NA;NA;NA;NA;NA
"Sample_2_filtered_trimmed_combined82size=1";NA;NA;NA;NA;NA;NA;NA
"Sample_2_filtered_trimmed_combined83size=1";NA;NA;NA;NA;NA;NA;NA
"Sample_2_filtered_trimmed_combined86size=2";NA;NA;NA;NA;NA;NA;NA
"Sample_2_filtered_trimmed_combined89size=1";NA;NA;NA;NA;NA;NA;NA
"Sample_2_filtered_trimmed_combined8size=1";NA;NA;NA;NA;NA;NA;NA
"Sample_2_filtered_trimmed_combined92size=1";NA;NA;NA;NA;NA;NA;NA
"Sample_2_filtered_trimmed_combined95size=1";NA;NA;NA;NA;NA;NA;NA
"Sample_3_filtered_trimmed_combined100size=1";NA;NA;NA;NA;NA;NA;NA
"Sample_3_filtered_trimmed_combined103size=3";NA;NA;NA;NA;NA;NA;NA
"Sample_3_filtered_trimmed_combined104size=1";NA;NA;NA;NA;NA;NA;NA
"Sample_3_filtered_trimmed_combined106size=1";NA;NA;NA;NA;NA;NA;NA
"Sample_3_filtered_trimmed_combined107size=3";NA;NA;NA;NA;NA;NA;NA
"Sample_3_filtered_trimmed_combined109size=1";NA;NA;NA;NA;NA;NA;NA
"Sample_3_filtered_trimmed_combined111size=1";NA;NA;NA;NA;NA;NA;NA
"Sample_3_filtered_trimmed_combined113size=9";NA;NA;NA;NA;NA;NA;NA
"Sample_3_filtered_trimmed_combined119size=1";NA;NA;NA;NA;NA;NA;NA
"Sample_3_filtered_trimmed_combined120size=3";NA;NA;NA;NA;NA;NA;NA
"Sample_3_filtered_trimmed_combined122size=1";NA;NA;NA;NA;NA;NA;NA
"Sample_3_filtered_trimmed_combined123size=3";NA;NA;NA;NA;NA;NA;NA
"Sample_3_filtered_trimmed_combined125size=1";NA;NA;NA;NA;NA;NA;NA
"Sample_3_filtered_trimmed_combined126size=1";NA;NA;NA;NA;NA;NA;NA
"Sample_3_filtered_trimmed_combined128size=1";NA;NA;NA;NA;NA;NA;NA
"Sample_3_filtered_trimmed_combined12size=1";NA;NA;NA;NA;NA;NA;NA
"Sample_3_filtered_trimmed_combined130size=1";NA;NA;NA;NA;NA;NA;NA
"Sample_3_filtered_trimmed_combined134size=1";NA;NA;NA;NA;NA;NA;NA
"Sample_3_filtered_trimmed_combined137size=1";NA;NA;NA;NA;NA;NA;NA
"Sample_3_filtered_trimmed_combined138size=1";NA;NA;NA;NA;NA;NA;NA
"Sample_3_filtered_trimmed_combined13size=1";NA;NA;NA;NA;NA;NA;NA
"Sample_3_filtered_trimmed_combined140size=2";NA;NA;NA;NA;NA;NA;NA
"Sample_3_filtered_trimmed_combined142size=1";NA;NA;NA;NA;NA;NA;NA
"Sample_3_filtered_trimmed_combined143size=2";NA;NA;NA;NA;NA;NA;NA
"Sample_3_filtered_trimmed_combined144size=1";NA;NA;NA;NA;NA;NA;NA
"Sample_3_filtered_trimmed_combined145size=1";NA;NA;NA;NA;NA;NA;NA
"Sample_3_filtered_trimmed_combined148size=2";NA;NA;NA;NA;NA;NA;NA
"Sample_3_filtered_trimmed_combined149size=5";NA;NA;NA;NA;NA;NA;NA
"Sample_3_filtered_trimmed_combined14size=7";NA;NA;NA;NA;NA;NA;NA
"Sample_3_filtered_trimmed_combined150size=1";NA;NA;NA;NA;NA;NA;NA
"Sample_3_filtered_trimmed_combined155size=1";NA;NA;NA;NA;NA;NA;NA
"Sample_3_filtered_trimmed_combined159size=1";NA;NA;NA;NA;NA;NA;NA
"Sample_3_filtered_trimmed_combined15size=16";NA;NA;NA;NA;NA;NA;NA
"Sample_3_filtered_trimmed_combined161size=3";NA;NA;NA;NA;NA;NA;NA
"Sample_3_filtered_trimmed_combined162size=1";NA;NA;NA;NA;NA;NA;NA
"Sample_3_filtered_trimmed_combined164size=1";NA;NA;NA;NA;NA;NA;NA
"Sample_3_filtered_trimmed_combined165size=11";NA;NA;NA;NA;NA;NA;NA
"Sample_3_filtered_trimmed_combined166size=1";NA;NA;NA;NA;NA;NA;NA
"Sample_3_filtered_trimmed_combined167size=1";NA;NA;NA;NA;NA;NA;NA
"Sample_3_filtered_trimmed_combined16size=1";NA;NA;NA;NA;NA;NA;NA
"Sample_3_filtered_trimmed_combined170size=1";NA;NA;NA;NA;NA;NA;NA
"Sample_3_filtered_trimmed_combined177size=1";NA;NA;NA;NA;NA;NA;NA
"Sample_3_filtered_trimmed_combined178size=1";NA;NA;NA;NA;NA;NA;NA
"Sample_3_filtered_trimmed_combined17size=1";NA;NA;NA;NA;NA;NA;NA
"Sample_3_filtered_trimmed_combined180size=1";NA;NA;NA;NA;NA;NA;NA
"Sample_3_filtered_trimmed_combined184size=1";NA;NA;NA;NA;NA;NA;NA
"Sample_3_filtered_trimmed_combined187size=1";NA;NA;NA;NA;NA;NA;NA
"Sample_3_filtered_trimmed_combined189size=1";NA;NA;NA;NA;NA;NA;NA
"Sample_3_filtered_trimmed_combined18size=1";NA;NA;NA;NA;NA;NA;NA
"Sample_3_filtered_trimmed_combined190size=2";NA;NA;NA;NA;NA;NA;NA
"Sample_3_filtered_trimmed_combined191size=5";NA;NA;NA;NA;NA;NA;NA
"Sample_3_filtered_trimmed_combined193size=1";NA;NA;NA;NA;NA;NA;NA
"Sample_3_filtered_trimmed_combined195size=1";NA;NA;NA;NA;NA;NA;NA
"Sample_3_filtered_trimmed_combined198size=1";NA;NA;NA;NA;NA;NA;NA
"Sample_3_filtered_trimmed_combined19size=1";NA;NA;NA;NA;NA;NA;NA
"Sample_3_filtered_trimmed_combined1size=1";NA;NA;NA;NA;NA;NA;NA
"Sample_3_filtered_trimmed_combined204size=1";NA;NA;NA;NA;NA;NA;NA
"Sample_3_filtered_trimmed_combined205size=1";NA;NA;NA;NA;NA;NA;NA
"Sample_3_filtered_trimmed_combined20size=1";NA;NA;NA;NA;NA;NA;NA
"Sample_3_filtered_trimmed_combined22size=1";NA;NA;NA;NA;NA;NA;NA
"Sample_3_filtered_trimmed_combined232size=3";NA;NA;NA;NA;NA;NA;NA
"Sample_3_filtered_trimmed_combined235size=8";NA;NA;NA;NA;NA;NA;NA
"Sample_3_filtered_trimmed_combined251size=1";NA;NA;NA;NA;NA;NA;NA
"Sample_3_filtered_trimmed_combined265size=1";NA;NA;NA;NA;NA;NA;NA
"Sample_3_filtered_trimmed_combined270size=1";NA;NA;NA;NA;NA;NA;NA
"Sample_3_filtered_trimmed_combined274size=1";NA;NA;NA;NA;NA;NA;NA
"Sample_3_filtered_trimmed_combined276size=2";NA;NA;NA;NA;NA;NA;NA
"Sample_3_filtered_trimmed_combined277size=1";NA;NA;NA;NA;NA;NA;NA
"Sample_3_filtered_trimmed_combined279size=7";NA;NA;NA;NA;NA;NA;NA
"Sample_3_filtered_trimmed_combined280size=1";NA;NA;NA;NA;NA;NA;NA
"Sample_3_filtered_trimmed_combined28size=1";NA;NA;NA;NA;NA;NA;NA
"Sample_3_filtered_trimmed_combined299size=1";NA;NA;NA;NA;NA;NA;NA
"Sample_3_filtered_trimmed_combined300size=1";NA;NA;NA;NA;NA;NA;NA
"Sample_3_filtered_trimmed_combined301size=1";NA;NA;NA;NA;NA;NA;NA
"Sample_3_filtered_trimmed_combined309size=1";NA;NA;NA;NA;NA;NA;NA
"Sample_3_filtered_trimmed_combined311size=1";NA;NA;NA;NA;NA;NA;NA
"Sample_3_filtered_trimmed_combined31size=1";NA;NA;NA;NA;NA;NA;NA
"Sample_3_filtered_trimmed_combined331size=1";NA;NA;NA;NA;NA;NA;NA
"Sample_3_filtered_trimmed_combined334size=26";NA;NA;NA;NA;NA;NA;NA
"Sample_3_filtered_trimmed_combined33size=1";NA;NA;NA;NA;NA;NA;NA
"Sample_3_filtered_trimmed_combined344size=1";NA;NA;NA;NA;NA;NA;NA
"Sample_3_filtered_trimmed_combined348size=1";NA;NA;NA;NA;NA;NA;NA
"Sample_3_filtered_trimmed_combined34size=1";NA;NA;NA;NA;NA;NA;NA
"Sample_3_filtered_trimmed_combined351size=1";NA;NA;NA;NA;NA;NA;NA
"Sample_3_filtered_trimmed_combined356size=1";NA;NA;NA;NA;NA;NA;NA
"Sample_3_filtered_trimmed_combined36size=1";NA;NA;NA;NA;NA;NA;NA
"Sample_3_filtered_trimmed_combined38size=1";NA;NA;NA;NA;NA;NA;NA
"Sample_3_filtered_trimmed_combined396size=5";NA;NA;NA;NA;NA;NA;NA
"Sample_3_filtered_trimmed_combined397size=1";NA;NA;NA;NA;NA;NA;NA
"Sample_3_filtered_trimmed_combined400size=1";NA;NA;NA;NA;NA;NA;NA
"Sample_3_filtered_trimmed_combined40size=1";NA;NA;NA;NA;NA;NA;NA
"Sample_3_filtered_trimmed_combined41size=10";NA;NA;NA;NA;NA;NA;NA
"Sample_3_filtered_trimmed_combined423size=1";NA;NA;NA;NA;NA;NA;NA
"Sample_3_filtered_trimmed_combined425size=1";NA;NA;NA;NA;NA;NA;NA
"Sample_3_filtered_trimmed_combined428size=1";NA;NA;NA;NA;NA;NA;NA
"Sample_3_filtered_trimmed_combined433size=5";NA;NA;NA;NA;NA;NA;NA
"Sample_3_filtered_trimmed_combined436size=3";NA;NA;NA;NA;NA;NA;NA
"Sample_3_filtered_trimmed_combined45size=1";NA;NA;NA;NA;NA;NA;NA
"Sample_3_filtered_trimmed_combined461size=3";NA;NA;NA;NA;NA;NA;NA
"Sample_3_filtered_trimmed_combined463size=1";NA;NA;NA;NA;NA;NA;NA
"Sample_3_filtered_trimmed_combined465size=68";NA;NA;NA;NA;NA;NA;NA
"Sample_3_filtered_trimmed_combined467size=1";NA;NA;NA;NA;NA;NA;NA
"Sample_3_filtered_trimmed_combined468size=1";NA;NA;NA;NA;NA;NA;NA
"Sample_3_filtered_trimmed_combined46size=1";NA;NA;NA;NA;NA;NA;NA
"Sample_3_filtered_trimmed_combined477size=1";NA;NA;NA;NA;NA;NA;NA
"Sample_3_filtered_trimmed_combined480size=1";NA;NA;NA;NA;NA;NA;NA
"Sample_3_filtered_trimmed_combined492size=1";NA;NA;NA;NA;NA;NA;NA
"Sample_3_filtered_trimmed_combined49size=1";NA;NA;NA;NA;NA;NA;NA
"Sample_3_filtered_trimmed_combined500size=1";NA;NA;NA;NA;NA;NA;NA
"Sample_3_filtered_trimmed_combined505size=37";NA;NA;NA;NA;NA;NA;NA
"Sample_3_filtered_trimmed_combined513size=1";NA;NA;NA;NA;NA;NA;NA
"Sample_3_filtered_trimmed_combined51size=1";NA;NA;NA;NA;NA;NA;NA
"Sample_3_filtered_trimmed_combined521size=1";NA;NA;NA;NA;NA;NA;NA
"Sample_3_filtered_trimmed_combined527size=6";NA;NA;NA;NA;NA;NA;NA
"Sample_3_filtered_trimmed_combined529size=8";NA;NA;NA;NA;NA;NA;NA
"Sample_3_filtered_trimmed_combined52size=1";NA;NA;NA;NA;NA;NA;NA
"Sample_3_filtered_trimmed_combined54size=10";NA;NA;NA;NA;NA;NA;NA
"Sample_3_filtered_trimmed_combined55size=1";NA;NA;NA;NA;NA;NA;NA
"Sample_3_filtered_trimmed_combined56size=1";NA;NA;NA;NA;NA;NA;NA
"Sample_3_filtered_trimmed_combined58size=4";NA;NA;NA;NA;NA;NA;NA
"Sample_3_filtered_trimmed_combined61size=1";NA;NA;NA;NA;NA;NA;NA
"Sample_3_filtered_trimmed_combined62size=1";NA;NA;NA;NA;NA;NA;NA
"Sample_3_filtered_trimmed_combined63size=1";NA;NA;NA;NA;NA;NA;NA
"Sample_3_filtered_trimmed_combined66size=2";NA;NA;NA;NA;NA;NA;NA
"Sample_3_filtered_trimmed_combined67size=1";NA;NA;NA;NA;NA;NA;NA
"Sample_3_filtered_trimmed_combined72size=1";NA;NA;NA;NA;NA;NA;NA
"Sample_3_filtered_trimmed_combined74size=1";NA;NA;NA;NA;NA;NA;NA
"Sample_3_filtered_trimmed_combined75size=1";NA;NA;NA;NA;NA;NA;NA
"Sample_3_filtered_trimmed_combined79size=1";NA;NA;NA;NA;NA;NA;NA
"Sample_3_filtered_trimmed_combined7size=1";NA;NA;NA;NA;NA;NA;NA
"Sample_3_filtered_trimmed_combined82size=1";NA;NA;NA;NA;NA;NA;NA
"Sample_3_filtered_trimmed_combined83size=1";NA;NA;NA;NA;NA;NA;NA
"Sample_3_filtered_trimmed_combined87size=1";NA;NA;NA;NA;NA;NA;NA
"Sample_3_filtered_trimmed_combined91size=1";NA;NA;NA;NA;NA;NA;NA
"Sample_3_filtered_trimmed_combined92size=1";NA;NA;NA;NA;NA;NA;NA
"Sample_3_filtered_trimmed_combined94size=1";NA;NA;NA;NA;NA;NA;NA
"Sample_3_filtered_trimmed_combined97size=1";NA;NA;NA;NA;NA;NA;NA
